"id","name","catchPhrase"
"0","Wiegand - Schinner","Advanced 5th generation matrix"
"1","Metz, Durgan and Conroy","Synchronised hybrid archive"
"2","Sawayn - Donnelly","Right-sized systemic contingency"
"3","Hettinger Group","Function-based discrete knowledge user"
"4","Dicki - Stanton","Operative bi-directional infrastructure"
"5","Upton - Purdy","Phased zero defect firmware"
"6","Robel - Schoen","Profound directional solution"
"7","Jast - Pfannerstill","De-engineered stable methodology"
"8","Murray, Klein and Harvey","Diverse static intranet"
"9","Batz, Rohan and Kilback","Stand-alone eco-centric complexity"
"10","Orn - Gusikowski","Open-source system-worthy open architecture"
"11","Cole, Legros and Gleichner","Public-key object-oriented functionalities"
"12","Anderson Group","Devolved real-time analyzer"
"13","Macejkovic Group","Phased needs-based methodology"
"14","Halvorson, Lowe and Wiza","Total well-modulated complexity"
"15","Klocko, Waters and Botsford","Open-source bandwidth-monitored firmware"
"16","Hudson - Steuber","Vision-oriented disintermediate local area network"
"17","Hintz, Green and Daniel","De-engineered explicit matrices"
"18","Dickinson LLC","Ergonomic dedicated monitoring"
"19","Durgan LLC","Integrated zero administration intranet"
"20","Emard, Klocko and Gulgowski","De-engineered discrete pricing structure"
"21","Wisozk - Johnston","Digitized client-server portal"
"22","Wilderman, Steuber and Corkery","Streamlined asynchronous hierarchy"
"23","Howell - Harvey","Fully-configurable multi-state focus group"
"24","Beer, Barton and Robel","Re-contextualized maximized extranet"
"25","Schmeler Inc","Operative mobile capability"
"26","Swaniawski, Beer and Fisher","Pre-emptive optimal analyzer"
"27","Denesik Inc","Front-line didactic internet solution"
"28","Jakubowski - Ledner","Open-source grid-enabled strategy"
"29","Wunsch and Sons","Phased tertiary pricing structure"
"30","Cremin - Roberts","Intuitive didactic project"
"31","Erdman - Macejkovic","Digitized multi-state customer loyalty"
"32","Bayer - Bogan","Balanced secondary protocol"
"33","Howell, Rau and Willms","Ergonomic logistical hub"
"34","Glover, McCullough and Lockman","Customer-focused motivating process improvement"
"35","Tremblay Group","Re-engineered regional groupware"
"36","Orn - Cremin","Persevering next generation policy"
"37","Braun Group","Organized actuating throughput"
"38","Ullrich - Casper","Horizontal asynchronous data-warehouse"
"39","O'Kon - Kassulke","User-centric solution-oriented parallelism"
"40","Heathcote, Conn and Bogan","Public-key heuristic firmware"
"41","Kessler and Sons","Triple-buffered 24 hour paradigm"
"42","Haley, Hamill and Hyatt","Stand-alone interactive hardware"
"43","Pollich - Block","Networked executive interface"
"44","Hills and Sons","Programmable optimal attitude"
"45","Okuneva, Pacocha and Kulas","Open-source tangible service-desk"
"46","Auer LLC","Implemented interactive emulation"
"47","Bogan LLC","Synchronised optimal strategy"
"48","Kunde, Mueller and Jones","Ergonomic eco-centric groupware"
"49","Gulgowski Inc","Grass-roots stable projection"
"50","Wilkinson Group","Digitized methodical help-desk"
"51","Torphy - Kub","Focused responsive moderator"
"52","Robel, Klocko and Bode","Configurable client-server encoding"
"53","Herzog Inc","Configurable real-time moderator"
"54","Hegmann LLC","Cross-platform maximized firmware"
"55","Hilpert - Cassin","Managed scalable local area network"
"56","Deckow Inc","Adaptive neutral intranet"
"57","Abbott Inc","Down-sized 6th generation standardization"
"58","VonRueden LLC","Centralized global artificial intelligence"
"59","Dooley - Goodwin","Enhanced upward-trending budgetary management"
"60","Hansen - Parker","Networked object-oriented throughput"
"61","Wolf - Littel","Reverse-engineered national adapter"
"62","Mayer, McDermott and Feil","De-engineered bi-directional parallelism"
"63","Gislason, Turner and Schaden","Ergonomic bandwidth-monitored info-mediaries"
"64","Harvey, Ryan and Mayert","Cloned bi-directional website"
"65","Gleichner - Littel","Optional 24/7 extranet"
"66","DuBuque LLC","Vision-oriented discrete encoding"
"67","Greenholt, Lueilwitz and Anderson","Ameliorated grid-enabled instruction set"
"68","Bradtke Group","Switchable human-resource firmware"
"69","MacGyver, Langworth and Balistreri","Vision-oriented 24 hour website"
"70","Considine Group","User-friendly logistical matrices"
"71","Satterfield - Wintheiser","Configurable encompassing process improvement"
"72","Crooks, Schaden and Legros","Reactive contextually-based paradigm"
"73","O'Hara Inc","Inverse scalable process improvement"
"74","Ebert - Graham","Secured cohesive archive"
"75","Rosenbaum LLC","Diverse background matrix"
"76","Metz, Gutkowski and Fay","Sharable zero administration strategy"
"77","Reynolds - Braun","Object-based exuding conglomeration"
"78","Mayert Inc","Down-sized system-worthy standardization"
"79","Braun Group","Networked asynchronous database"
"80","Gottlieb Group","Centralized neutral encryption"
"81","Fay Group","Configurable exuding help-desk"
"82","Becker, Wisoky and Hane","Upgradable clear-thinking website"
"83","Treutel LLC","Persistent radical definition"
"84","Gleichner and Sons","Expanded static portal"
"85","Upton - Schamberger","Centralized grid-enabled extranet"
"86","Goodwin LLC","Configurable disintermediate protocol"
"87","Gleason, Smitham and Kertzmann","Object-based dedicated task-force"
"88","Turcotte - Keeling","Ameliorated motivating portal"
"89","Torphy - Schuppe","Inverse multi-tasking secured line"
"90","Dietrich, Moore and Abbott","Enterprise-wide discrete extranet"
"91","Kessler - Koss","Down-sized zero defect leverage"
"92","Nolan, Purdy and Johnson","Fundamental intermediate contingency"
"93","Predovic, Ondricka and Rice","Mandatory well-modulated analyzer"
"94","Gottlieb, Kunde and Kuhlman","Vision-oriented global knowledge user"
"95","Kuhic, Jast and Leffler","Persevering didactic extranet"
"96","Franecki - Thiel","Secured high-level matrices"
"97","Pouros - Heidenreich","Ameliorated composite core"
"98","Bins - Cassin","Synergized real-time monitoring"
"99","Ruecker, Gislason and Legros","Automated neutral policy"
"100","Bartoletti LLC","Polarised next generation firmware"
"101","Murray, Gerlach and Runolfsdottir","Face to face interactive encryption"
"102","Jenkins - Luettgen","Down-sized actuating algorithm"
"103","Hermann LLC","Open-source incremental functionalities"
"104","Kihn - DuBuque","Visionary multimedia migration"
"105","Murray - Collins","Exclusive intangible Graphic Interface"
"106","Connelly and Sons","Front-line zero defect knowledge user"
"107","Douglas, Halvorson and Powlowski","Re-engineered mission-critical toolset"
"108","Lesch - Feest","Self-enabling next generation Graphical User Interface"
"109","Rowe LLC","Vision-oriented coherent data-warehouse"
"110","Howell, Schmitt and Green","Synergized even-keeled product"
"111","Schroeder, Cormier and Stracke","Multi-tiered 24 hour portal"
"112","Hahn Inc","Grass-roots 4th generation frame"
"113","Krajcik Inc","Organized human-resource matrices"
"114","Davis, Mills and Schroeder","Profit-focused optimal pricing structure"
"115","Nikolaus - Gislason","Object-based solution-oriented time-frame"
"116","Boyle - Wolf","Team-oriented reciprocal instruction set"
"117","Hayes, Russel and Bogisich","Operative full-range orchestration"
"118","Bednar Inc","Expanded upward-trending archive"
"119","Mitchell Group","Grass-roots dynamic Graphical User Interface"
"120","Carroll - Reynolds","Secured 24 hour emulation"
"121","Kreiger - Dare","Object-based scalable hierarchy"
"122","Jacobs and Sons","Front-line client-server model"
"123","Lehner - Kohler","Visionary system-worthy analyzer"
"124","Welch, Leuschke and Beier","Decentralized tertiary attitude"
"125","DuBuque, Farrell and Williamson","Enhanced systemic migration"
"126","Schmidt - O'Conner","Advanced global hub"
"127","Nolan - Reilly","Seamless dynamic Graphical User Interface"
"128","Lehner - Murazik","Multi-lateral background monitoring"
"129","Howell Inc","Sharable bandwidth-monitored time-frame"
"130","Emard, Turner and Schmitt","Reactive object-oriented strategy"
"131","Murazik LLC","Visionary discrete open architecture"
"132","Hintz, Jakubowski and Connelly","Upgradable local definition"
"133","Herzog, Beahan and Brown","Programmable 4th generation function"
"134","Armstrong Inc","Secured analyzing Graphic Interface"
"135","Beatty - Zieme","Robust object-oriented internet solution"
"136","Greenholt, Bergnaum and Morissette","Mandatory reciprocal focus group"
"137","Hilpert, Pacocha and Grady","Realigned 5th generation Graphical User Interface"
"138","Trantow - Lang","Profit-focused secondary attitude"
"139","Schultz, Reilly and Gerhold","Ameliorated encompassing archive"
"140","Collier and Sons","Switchable systemic adapter"
"141","Stracke - Abshire","Reactive eco-centric matrix"
"142","Walsh Inc","Persistent discrete contingency"
"143","Purdy - Dibbert","Synergized secondary capability"
"144","Auer, Tillman and Leffler","Organized radical help-desk"
"145","Gerhold Inc","Distributed hybrid budgetary management"
"146","Price, Hartmann and Goyette","Expanded composite focus group"
"147","Watsica and Sons","Grass-roots object-oriented implementation"
"148","Zboncak and Sons","Configurable solution-oriented frame"
"149","Vandervort and Sons","Seamless web-enabled data-warehouse"
"150","McClure - Lynch","Integrated next generation parallelism"
"151","Roob - Murray","Reverse-engineered fault-tolerant infrastructure"
"152","Roob and Sons","Sharable user-facing encoding"
"153","Kihn, Thiel and Hackett","Customizable bottom-line access"
"154","Hahn, Lakin and Brown","Cloned dedicated ability"
"155","Johnston and Sons","Streamlined object-oriented emulation"
"156","Klein, Deckow and Homenick","Inverse 5th generation intranet"
"157","Moore Group","Profound reciprocal flexibility"
"158","Ankunding, Kris and Barrows","Front-line multi-state function"
"159","Strosin Group","Diverse full-range secured line"
"160","Koelpin - Kris","Quality-focused dynamic internet solution"
"161","Franecki and Sons","Synergistic asymmetric structure"
"162","Beier, Kuvalis and Cruickshank","Compatible maximized focus group"
"163","Rippin, Lowe and Littel","Multi-layered explicit contingency"
"164","Stracke, Wunsch and Goodwin","Enterprise-wide discrete monitoring"
"165","Swaniawski Group","Balanced foreground infrastructure"
"166","Ankunding Group","Upgradable cohesive application"
"167","Reichel Group","Synergized explicit open system"
"168","Wilkinson, Jast and Bergnaum","Upgradable stable budgetary management"
"169","Trantow and Sons","Enterprise-wide zero tolerance adapter"
"170","Kuvalis and Sons","Diverse multi-tasking neural-net"
"171","Schoen, O'Hara and Heaney","Assimilated real-time initiative"
"172","Hills LLC","Expanded heuristic customer loyalty"
"173","Streich, DuBuque and Mraz","User-centric real-time frame"
"174","Zulauf - Rice","Synergized 4th generation interface"
"175","Mohr, Marvin and Skiles","Multi-tiered 3rd generation budgetary management"
"176","Morissette - Walsh","Fundamental asymmetric secured line"
"177","Leuschke, Hirthe and Von","Exclusive impactful benchmark"
"178","Batz Inc","Customizable dedicated flexibility"
"179","Becker, Cormier and Carter","Synchronised cohesive secured line"
"180","Lindgren LLC","Automated executive core"
"181","Beatty - Gusikowski","Cross-platform actuating open architecture"
"182","Mante - Purdy","De-engineered contextually-based groupware"
"183","Bergstrom, Purdy and Schamberger","Customizable bi-directional service-desk"
"184","Anderson Inc","Cross-platform multi-tasking hierarchy"
"185","Mann, Mante and Hoppe","Synergistic global leverage"
"186","Zboncak, Zieme and Cartwright","Synergized motivating open architecture"
"187","Hickle, Connelly and Leuschke","Focused object-oriented encoding"
"188","Nikolaus, Hammes and Kris","Enterprise-wide asymmetric function"
"189","Ryan Group","Upgradable static workforce"
"190","Keeling Inc","Mandatory bi-directional emulation"
"191","Rice - Bayer","Pre-emptive optimal synergy"
"192","Adams - Rath","Robust multimedia moderator"
"193","Casper, Bosco and Bruen","Multi-lateral neutral core"
"194","Friesen - Kirlin","Versatile explicit encoding"
"195","Haley, Erdman and Ward","Configurable interactive info-mediaries"
"196","Blanda, Farrell and VonRueden","Persistent needs-based access"
"197","Stark - Erdman","Distributed global framework"
"198","Runolfsdottir and Sons","Sharable zero administration core"
"199","Anderson - Lockman","Upgradable zero tolerance approach"
"200","Volkman, Parker and Powlowski","Advanced reciprocal approach"
"201","Fritsch and Sons","Devolved disintermediate hub"
"202","Luettgen - Grimes","Grass-roots dynamic service-desk"
"203","Conn Inc","Universal eco-centric middleware"
"204","McGlynn, O'Kon and Botsford","Virtual radical collaboration"
"205","Blanda - Shanahan","Realigned contextually-based circuit"
"206","Harvey - Lueilwitz","Object-based multimedia database"
"207","Bergstrom Group","Expanded responsive neural-net"
"208","Spinka Group","Organic asymmetric focus group"
"209","Gusikowski - Beatty","Team-oriented system-worthy frame"
"210","Beahan, Wyman and Feeney","Public-key intangible focus group"
"211","McLaughlin, Murazik and Harber","Upgradable 3rd generation time-frame"
"212","Baumbach - Carter","Streamlined logistical firmware"
"213","Quigley - Kihn","Multi-channelled user-facing budgetary management"
"214","Baumbach - Schuppe","Up-sized system-worthy projection"
"215","Koss Group","Right-sized maximized open system"
"216","Romaguera Inc","Balanced 6th generation help-desk"
"217","Yundt, Collier and Herzog","Multi-layered demand-driven utilisation"
"218","Emard - Russel","Down-sized logistical database"
"219","Erdman - Wolf","Diverse static data-warehouse"
"220","Rau, Rosenbaum and Auer","Devolved zero defect database"
"221","Cremin Inc","Versatile intermediate knowledge user"
"222","Rutherford - Heidenreich","Re-contextualized impactful workforce"
"223","Kris Inc","User-centric fresh-thinking orchestration"
"224","Zulauf and Sons","Quality-focused fresh-thinking hub"
"225","Barton Inc","Configurable logistical attitude"
"226","Durgan - Zboncak","Programmable regional hub"
"227","Becker LLC","Centralized solution-oriented intranet"
"228","Bednar, Tromp and Jast","Horizontal impactful throughput"
"229","Bernier - Reichel","Realigned leading edge forecast"
"230","Stroman Inc","User-centric methodical project"
"231","Kris Inc","Reverse-engineered content-based time-frame"
"232","Gutkowski, Mueller and Lesch","Multi-layered eco-centric hub"
"233","MacGyver, Eichmann and Green","Balanced grid-enabled projection"
"234","Reilly Group","Business-focused intangible matrices"
"235","Quitzon - Powlowski","Grass-roots coherent strategy"
"236","Mertz - Fahey","Optional heuristic conglomeration"
"237","Nader LLC","User-centric bandwidth-monitored forecast"
"238","Schulist and Sons","Upgradable even-keeled superstructure"
"239","Brekke, Ernser and Reichel","Polarised grid-enabled collaboration"
"240","Kemmer - Wisozk","Synergistic intangible firmware"
"241","MacGyver Inc","Realigned grid-enabled initiative"
"242","Ledner - Raynor","Configurable disintermediate concept"
"243","Walsh and Sons","Versatile zero tolerance customer loyalty"
"244","Herman LLC","Managed responsive concept"
"245","Hills - Hansen","Polarised explicit service-desk"
"246","Osinski and Sons","Operative motivating capacity"
"247","Maggio, Reilly and Swaniawski","Compatible 24/7 encryption"
"248","Conroy - Rogahn","Reactive regional standardization"
"249","Paucek - Davis","Automated web-enabled database"
"250","Lemke, Koelpin and Carroll","Robust 3rd generation Graphic Interface"
"251","Windler LLC","Total attitude-oriented attitude"
"252","Hintz - Hodkiewicz","Re-engineered neutral standardization"
"253","Lind LLC","Face to face maximized artificial intelligence"
"254","Bergstrom - Reichert","Balanced didactic orchestration"
"255","Cummings LLC","Progressive neutral parallelism"
"256","Mann and Sons","Multi-layered systematic artificial intelligence"
"257","Hayes Inc","Optimized even-keeled moratorium"
"258","Kassulke, Gibson and O'Reilly","Synchronised content-based protocol"
"259","King, Heathcote and Runolfsdottir","Operative heuristic complexity"
"260","Barton and Sons","Up-sized composite neural-net"
"261","Walsh Group","Configurable eco-centric superstructure"
"262","Ritchie Group","Vision-oriented radical task-force"
"263","Borer and Sons","Self-enabling global artificial intelligence"
"264","Emard - Roob","Automated multi-state customer loyalty"
"265","Murphy, Hauck and Little","Stand-alone 24 hour flexibility"
"266","Lubowitz Group","Public-key asymmetric emulation"
"267","Johnson LLC","Re-contextualized multi-state secured line"
"268","Pacocha, Braun and Gutmann","Multi-lateral exuding forecast"
"269","Bergstrom - Lueilwitz","Triple-buffered logistical system engine"
"270","Hayes and Sons","Focused fault-tolerant instruction set"
"271","Mante - Bartoletti","Persevering contextually-based forecast"
"272","Bode - Hermann","Organic methodical approach"
"273","Runolfsson, Gorczany and Rempel","Up-sized even-keeled installation"
"274","Reilly - Bednar","Total didactic product"
"275","Runolfsdottir Inc","Re-engineered leading edge contingency"
"276","Schumm - Lubowitz","Down-sized modular budgetary management"
"277","Purdy - Cruickshank","Programmable asymmetric strategy"
"278","Yost - McClure","Enterprise-wide even-keeled policy"
"279","Fadel - Eichmann","Re-contextualized coherent attitude"
"280","Schmitt - Trantow","Inverse grid-enabled parallelism"
"281","Dicki Group","Up-sized user-facing synergy"
"282","Luettgen LLC","Profound scalable encryption"
"283","Daniel Inc","Sharable directional Graphical User Interface"
"284","Powlowski - Shanahan","User-centric coherent intranet"
"285","Hoppe and Sons","Cross-group 24/7 infrastructure"
"286","Roberts Group","Future-proofed zero tolerance matrices"
"287","Kilback Inc","De-engineered human-resource framework"
"288","Hand - Kertzmann","Persistent human-resource monitoring"
"289","Schowalter - Legros","Devolved contextually-based strategy"
"290","Douglas and Sons","Ameliorated attitude-oriented infrastructure"
"291","Yundt, Lueilwitz and Cruickshank","Fully-configurable multi-tasking flexibility"
"292","West - Batz","Virtual user-facing definition"
"293","Jerde, Mosciski and Osinski","Fundamental maximized projection"
"294","Morar - Quigley","Multi-tiered zero administration functionalities"
"295","Bailey LLC","Monitored fresh-thinking superstructure"
"296","Stokes - Halvorson","Expanded analyzing matrix"
"297","Gleason - Anderson","Ameliorated actuating toolset"
"298","Bailey, Cruickshank and Kuhn","Universal client-server project"
"299","Collier and Sons","Persevering impactful productivity"
"300","Tillman, Parker and Balistreri","Multi-layered encompassing product"
"301","Weber, Walker and Haley","Future-proofed tertiary archive"
"302","Emmerich, Wisoky and Reichel","Visionary solution-oriented groupware"
"303","Crooks - Watsica","Assimilated explicit capacity"
"304","Schulist, Simonis and Will","Configurable foreground frame"
"305","Harvey, Dibbert and Conroy","Ergonomic impactful neural-net"
"306","Friesen, Mohr and Strosin","Phased system-worthy application"
"307","Reichel Group","Distributed needs-based attitude"
"308","Altenwerth LLC","Expanded scalable data-warehouse"
"309","Ledner LLC","Synchronised bandwidth-monitored synergy"
"310","Kiehn, Parisian and Paucek","Inverse eco-centric groupware"
"311","Kilback - Bashirian","Fundamental multimedia ability"
"312","Boyer Inc","Persevering systemic circuit"
"313","Pacocha Inc","Quality-focused systematic attitude"
"314","Kessler - Ankunding","De-engineered asymmetric infrastructure"
"315","Hartmann, Morissette and Satterfield","Mandatory 6th generation support"
"316","Feeney, Anderson and Nitzsche","User-centric composite info-mediaries"
"317","Paucek - Hoeger","De-engineered uniform encryption"
"318","Nikolaus - Cruickshank","Synergistic tertiary alliance"
"319","Larkin - Murphy","De-engineered client-server protocol"
"320","Stiedemann - Mertz","Extended responsive ability"
"321","Graham, Runolfsdottir and Goodwin","Pre-emptive modular array"
"322","Simonis Inc","Reduced user-facing software"
"323","Halvorson - Labadie","Multi-tiered contextually-based matrix"
"324","Mills Group","Extended reciprocal conglomeration"
"325","Lesch - Kerluke","Innovative methodical open system"
"326","Erdman, Blick and Sporer","De-engineered dedicated throughput"
"327","Hand - Eichmann","Robust foreground workforce"
"328","Doyle - Ferry","Pre-emptive full-range help-desk"
"329","Howell - Rath","Adaptive 4th generation implementation"
"330","Dicki and Sons","Extended reciprocal moratorium"
"331","Bashirian - Olson","Quality-focused holistic open architecture"
"332","Kessler - Smith","Secured mission-critical standardization"
"333","Adams Inc","Virtual national synergy"
"334","Farrell, Torphy and Rolfson","Profound 5th generation encryption"
"335","Murazik - Lubowitz","Distributed scalable product"
"336","Cartwright - Kerluke","Exclusive bottom-line hierarchy"
"337","Keebler - McGlynn","Multi-channelled value-added encryption"
"338","Dach, Boehm and Lind","Progressive 24 hour productivity"
"339","Leuschke - Hyatt","Sharable contextually-based frame"
"340","Luettgen, Stoltenberg and Wyman","Synergistic dedicated infrastructure"
"341","Parker - Feeney","Focused holistic firmware"
"342","Nolan, Turner and Casper","Stand-alone background circuit"
"343","Schulist and Sons","Secured dynamic access"
"344","Kilback - Legros","Customizable 5th generation time-frame"
"345","Pouros, Schaefer and Farrell","Universal non-volatile application"
"346","Wiegand, Yost and Wehner","Horizontal executive hierarchy"
"347","Bergstrom and Sons","Secured intermediate Graphic Interface"
"348","Nicolas - Effertz","Distributed solution-oriented superstructure"
"349","Franecki, D'Amore and Franecki","Multi-channelled empowering system engine"
"350","Brekke Inc","Stand-alone solution-oriented moderator"
"351","Romaguera LLC","Universal client-driven policy"
"352","Kozey - Bahringer","Quality-focused hybrid website"
"353","Bergstrom, Renner and Gulgowski","Pre-emptive encompassing hierarchy"
"354","Oberbrunner, Breitenberg and Towne","Implemented intermediate complexity"
"355","Parker - Ernser","Proactive 6th generation instruction set"
"356","Grant LLC","Right-sized contextually-based encoding"
"357","Botsford - Walsh","Face to face system-worthy benchmark"
"358","Shields Group","Assimilated even-keeled support"
"359","Dickinson - Christiansen","Cross-group multi-tasking project"
"360","Watsica Group","Synergized tangible monitoring"
"361","Sauer - Mohr","Digitized 5th generation core"
"362","Schuppe LLC","Optional incremental support"
"363","Emard Group","Open-architected zero defect hierarchy"
"364","Swaniawski LLC","Mandatory holistic budgetary management"
"365","Keeling - Crooks","Object-based bottom-line toolset"
"366","Nikolaus, Kozey and Douglas","Multi-lateral fault-tolerant Graphic Interface"
"367","Wyman - Larkin","Reverse-engineered discrete hierarchy"
"368","Kuhlman - Armstrong","Compatible optimizing migration"
"369","Satterfield - Skiles","Object-based zero administration product"
"370","Goldner - Gusikowski","Proactive system-worthy knowledge user"
"371","Heathcote and Sons","Optimized regional definition"
"372","Kuhic, Romaguera and Ritchie","Up-sized encompassing pricing structure"
"373","Schowalter - Trantow","Programmable modular migration"
"374","Ferry, Schinner and Walsh","Progressive stable model"
"375","Cassin LLC","Function-based user-facing focus group"
"376","Frami - VonRueden","Decentralized bifurcated implementation"
"377","Orn - Kreiger","Visionary contextually-based data-warehouse"
"378","Schaden - Monahan","Expanded contextually-based methodology"
"379","Padberg, Torp and Bednar","Pre-emptive asynchronous open architecture"
"380","Sporer LLC","Progressive empowering protocol"
"381","Waelchi, Rutherford and Connelly","Ameliorated mobile utilisation"
"382","Watsica - Pouros","Automated systemic paradigm"
"383","Green Inc","Persevering bandwidth-monitored matrices"
"384","Schimmel - Terry","Inverse contextually-based extranet"
"385","Will, VonRueden and Hammes","Assimilated motivating Graphical User Interface"
"386","Cremin, Yundt and Mayer","Face to face client-server firmware"
"387","Buckridge - Berge","Automated bandwidth-monitored focus group"
"388","Lueilwitz - Hoppe","Cross-group 5th generation firmware"
"389","Hills and Sons","Multi-channelled 6th generation encryption"
"390","Wehner - Halvorson","Expanded background array"
"391","Jast and Sons","Proactive responsive encryption"
"392","Schoen LLC","Enhanced secondary intranet"
"393","Lindgren - Stamm","Progressive optimal middleware"
"394","Pagac and Sons","Horizontal incremental flexibility"
"395","Grimes and Sons","Grass-roots radical flexibility"
"396","Terry - Jacobi","Operative transitional capacity"
"397","Hills Inc","Multi-lateral leading edge adapter"
"398","Osinski - Terry","Multi-layered upward-trending emulation"
"399","Quitzon - Casper","Configurable executive hardware"
"400","Mohr - Schowalter","Proactive modular synergy"
"401","Friesen LLC","Secured leading edge frame"
"402","Huels Group","Integrated tangible frame"
"403","Rosenbaum Group","Future-proofed cohesive approach"
"404","Heidenreich, Smitham and Blick","Ergonomic real-time artificial intelligence"
"405","McKenzie, Funk and Stoltenberg","Ameliorated solution-oriented access"
"406","Hahn - Mills","Re-contextualized mobile encryption"
"407","O'Connell Group","Networked needs-based help-desk"
"408","Stroman, Ledner and Williamson","De-engineered bi-directional array"
"409","Mertz - Leffler","Profit-focused stable access"
"410","Kuvalis and Sons","Diverse multimedia algorithm"
"411","Breitenberg, Berge and McClure","Centralized 3rd generation definition"
"412","Medhurst - Kihn","Pre-emptive 5th generation moratorium"
"413","Breitenberg Group","Phased mobile moratorium"
"414","Corkery, Lakin and Weissnat","Persistent intangible application"
"415","Windler - Wilderman","Self-enabling zero tolerance matrices"
"416","Kiehn, Tremblay and Hilpert","Function-based high-level data-warehouse"
"417","Pollich Inc","Enhanced next generation application"
"418","Leffler Group","Object-based maximized success"
"419","Wisozk, Howe and Champlin","Focused tertiary neural-net"
"420","Boyer - Gerlach","Horizontal zero administration array"
"421","Rowe, Bergnaum and Rodriguez","Business-focused static service-desk"
"422","Klocko, Mills and Stamm","Adaptive full-range project"
"423","Buckridge - Upton","Cross-group 24 hour policy"
"424","Corkery, Hodkiewicz and Dietrich","Balanced context-sensitive database"
"425","Reichert - Balistreri","Diverse executive system engine"
"426","Herzog - Nikolaus","Total hybrid product"
"427","Morar and Sons","Ameliorated leading edge definition"
"428","Walker Group","Profound incremental software"
"429","McLaughlin Group","Organized maximized protocol"
"430","Willms, Ward and Okuneva","Upgradable multi-state benchmark"
"431","O'Keefe - Schroeder","Customer-focused encompassing open architecture"
"432","Ernser LLC","Synergized even-keeled contingency"
"433","Braun - Yost","Expanded system-worthy matrices"
"434","Bogan - Casper","Quality-focused multi-state utilisation"
"435","Pollich - Hermiston","Multi-lateral tertiary pricing structure"
"436","Klein - Hudson","Horizontal transitional productivity"
"437","Block - Hagenes","Vision-oriented encompassing architecture"
"438","Cruickshank - Orn","Devolved global superstructure"
"439","Zulauf LLC","Reactive multimedia complexity"
"440","Grimes - Hane","Fundamental analyzing installation"
"441","Harris and Sons","Distributed stable software"
"442","Schaden - Lehner","Monitored mission-critical data-warehouse"
"443","Stroman Group","Proactive non-volatile workforce"
"444","Johnson, Considine and Dietrich","Quality-focused radical internet solution"
"445","Ankunding and Sons","Ergonomic hybrid throughput"
"446","Cummings, Bartoletti and McClure","Operative zero tolerance infrastructure"
"447","Toy - Lindgren","Decentralized upward-trending extranet"
"448","King, Walker and McClure","Synchronised fault-tolerant architecture"
"449","Hills, Kuhic and Watsica","Implemented web-enabled help-desk"
"450","Schinner, Kozey and Abbott","Optional encompassing conglomeration"
"451","King - Wolff","Polarised mission-critical standardization"
"452","Lubowitz Inc","Pre-emptive object-oriented challenge"
"453","Raynor - Pouros","User-friendly neutral paradigm"
"454","Weimann - Brekke","Ameliorated asynchronous throughput"
"455","Torp - Fisher","Ergonomic secondary model"
"456","Russel, Walter and Feeney","Exclusive fault-tolerant approach"
"457","Toy LLC","De-engineered 6th generation software"
"458","Mitchell, Walter and Cruickshank","Balanced mobile infrastructure"
"459","Dicki - Rippin","Networked empowering moderator"
"460","Bailey Group","De-engineered solution-oriented help-desk"
"461","Morissette, Cole and Hickle","Customer-focused optimizing service-desk"
"462","Olson, Schamberger and Gottlieb","Inverse motivating collaboration"
"463","Wyman - Davis","Upgradable tangible migration"
"464","Marquardt Inc","Total multi-state time-frame"
"465","Champlin, Luettgen and Kunze","User-centric neutral website"
"466","Pouros LLC","Total bi-directional strategy"
"467","Jacobs, Runte and Gusikowski","Adaptive logistical methodology"
"468","Breitenberg - Heidenreich","Reactive tertiary structure"
"469","Anderson and Sons","Profit-focused coherent migration"
"470","Torp and Sons","Switchable optimizing challenge"
"471","Schowalter Group","Expanded context-sensitive middleware"
"472","McCullough Inc","Up-sized static leverage"
"473","Johnson and Sons","Virtual executive utilisation"
"474","Feeney, Mertz and Frami","Vision-oriented 4th generation Graphic Interface"
"475","Armstrong Group","Managed regional alliance"
"476","Gerlach, Auer and Barton","Devolved optimizing benchmark"
"477","Fay, Russel and Friesen","Persistent secondary capability"
"478","Reilly - Abernathy","Innovative secondary moderator"
"479","Ondricka and Sons","Front-line client-driven orchestration"
"480","Altenwerth, Kulas and Harber","Enhanced user-facing hierarchy"
"481","Hoppe LLC","Persistent human-resource infrastructure"
"482","Keeling LLC","Digitized analyzing budgetary management"
"483","Stokes Group","User-friendly grid-enabled database"
"484","Bartoletti, Dicki and Stark","Vision-oriented needs-based solution"
"485","Graham - Little","Open-architected object-oriented firmware"
"486","Mertz Inc","Open-source bi-directional implementation"
"487","Dickinson Group","Up-sized reciprocal secured line"
"488","Predovic Group","Polarised intermediate info-mediaries"
"489","Bayer and Sons","Integrated national projection"
"490","Mills, Corkery and Mayert","Secured multi-tasking productivity"
"491","Wehner, Bode and Predovic","Advanced static infrastructure"
"492","Kris - Braun","Re-contextualized didactic frame"
"493","MacGyver Inc","Organized heuristic middleware"
"494","Gottlieb - Dach","Grass-roots regional encoding"
"495","Labadie Inc","Extended responsive pricing structure"
"496","Ratke, Schowalter and O'Connell","Future-proofed empowering neural-net"
"497","Schamberger LLC","Upgradable stable standardization"
"498","Moore, Littel and Schiller","Cross-platform object-oriented contingency"
"499","Collier - Ankunding","Total multi-state internet solution"
"500","Dooley Group","Right-sized next generation hierarchy"
"501","Collins, Klein and Abshire","Re-contextualized intermediate data-warehouse"
"502","Kilback and Sons","Organized needs-based contingency"
"503","Gottlieb - Veum","Digitized 3rd generation extranet"
"504","Pfannerstill - VonRueden","Managed 5th generation application"
"505","O'Reilly, Klein and Rice","Advanced user-facing knowledge user"
"506","Gaylord LLC","Phased local local area network"
"507","Simonis, Ebert and Johns","Open-architected next generation firmware"
"508","Bins Group","Multi-tiered motivating concept"
"509","Spinka - Lesch","Automated multimedia utilisation"
"510","Johns LLC","Switchable object-oriented capability"
"511","Becker, Jacobs and Heathcote","Intuitive scalable local area network"
"512","Wiegand, Swaniawski and Bahringer","Operative uniform application"
"513","Littel LLC","Integrated directional complexity"
"514","Hintz - Smitham","Business-focused content-based time-frame"
"515","Kohler Inc","Organized grid-enabled pricing structure"
"516","Raynor, Prosacco and Yundt","Secured zero defect benchmark"
"517","Hessel Group","Cloned client-server customer loyalty"
"518","Ritchie, Reilly and Nicolas","Assimilated attitude-oriented productivity"
"519","Strosin - Tillman","Optional 3rd generation superstructure"
"520","Aufderhar - Wilderman","Configurable leading edge core"
"521","Runolfsdottir, Mayert and Ullrich","Universal zero administration conglomeration"
"522","Ankunding, Kozey and Ondricka","Inverse homogeneous implementation"
"523","Huels - Parker","Expanded next generation projection"
"524","Bailey - Johns","Multi-layered next generation local area network"
"525","Kunde Group","Realigned bottom-line knowledge user"
"526","Ondricka - Borer","Fully-configurable multi-state data-warehouse"
"527","Ritchie, Haag and Schuppe","Synergized didactic moratorium"
"528","Rath, Block and Krajcik","Configurable logistical encryption"
"529","Kuphal - Blanda","Cloned transitional firmware"
"530","Christiansen, Bartell and Hoppe","Balanced intangible toolset"
"531","McCullough, Hamill and Quigley","Synergized non-volatile initiative"
"532","Volkman and Sons","Exclusive 24 hour array"
"533","Kautzer, Murray and Wisoky","Team-oriented heuristic protocol"
"534","Bauch - Sawayn","Centralized demand-driven productivity"
"535","Walker Group","Reactive modular approach"
"536","Jacobs, Fay and West","Balanced neutral projection"
"537","Torp and Sons","De-engineered impactful extranet"
"538","Schroeder - Harber","Re-engineered 24/7 firmware"
"539","Gutmann, Toy and Vandervort","Up-sized discrete database"
"540","Willms LLC","Enterprise-wide grid-enabled ability"
"541","Windler, Lakin and Boyle","Virtual optimizing moratorium"
"542","Schowalter - Cartwright","Visionary zero defect pricing structure"
"543","Yundt, Bins and Durgan","Customizable impactful core"
"544","Bernhard, Smitham and Watsica","Decentralized zero tolerance moratorium"
"545","Swift and Sons","Organized directional attitude"
"546","Lesch - Botsford","Cloned local protocol"
"547","Zemlak - Gibson","Devolved incremental productivity"
"548","Feest LLC","Monitored dedicated model"
"549","Gulgowski and Sons","Down-sized bandwidth-monitored database"
"550","Leffler - Hodkiewicz","Persevering client-server solution"
"551","Barton, Gusikowski and Bashirian","Fundamental executive migration"
"552","Harvey - Leffler","Centralized systemic leverage"
"553","O'Kon and Sons","Seamless tertiary solution"
"554","Kohler LLC","Profound bifurcated workforce"
"555","Rempel Group","Automated cohesive utilisation"
"556","Hansen - Renner","Automated interactive application"
"557","Gottlieb - Batz","User-friendly multi-tasking instruction set"
"558","O'Hara Inc","Future-proofed contextually-based conglomeration"
"559","Feil, Emmerich and Huel","Down-sized zero defect initiative"
"560","Cartwright, Kuhic and Rogahn","Triple-buffered dedicated model"
"561","Goldner, Fritsch and Hills","Distributed dynamic emulation"
"562","Gleichner LLC","Enterprise-wide logistical product"
"563","McLaughlin - Orn","Object-based hybrid attitude"
"564","Ruecker - Schimmel","Mandatory zero defect support"
"565","Krajcik LLC","Streamlined even-keeled productivity"
"566","Bogan Group","Realigned client-server model"
"567","Muller, Ebert and Luettgen","Multi-lateral asynchronous website"
"568","Treutel, Becker and Sipes","Profit-focused system-worthy benchmark"
"569","Sanford Group","Extended maximized website"
"570","Harvey Inc","Seamless 6th generation pricing structure"
"571","Hermann Group","Optimized cohesive approach"
"572","Stroman and Sons","Profit-focused real-time policy"
"573","Cormier, Walker and Williamson","Decentralized holistic software"
"574","Koepp, Kuphal and Rolfson","De-engineered multimedia algorithm"
"575","Hansen - Crooks","Horizontal transitional functionalities"
"576","Larson, Berge and Treutel","Multi-channelled global array"
"577","Zboncak, Tillman and Pollich","Polarised zero defect capacity"
"578","Bauch - Gutmann","Open-architected empowering intranet"
"579","Witting - Cruickshank","Synergistic bottom-line access"
"580","Okuneva Inc","Down-sized actuating structure"
"581","Kautzer, Krajcik and Rodriguez","Assimilated content-based website"
"582","Kirlin LLC","Decentralized discrete database"
"583","Bayer - Turner","Streamlined reciprocal flexibility"
"584","Grant, Boyer and Cormier","Customer-focused fresh-thinking capacity"
"585","Jerde LLC","Multi-lateral 5th generation database"
"586","Labadie and Sons","Decentralized fault-tolerant initiative"
"587","Ortiz, Hammes and Schulist","Re-engineered analyzing flexibility"
"588","Mueller, Kunde and Bergstrom","Reactive cohesive customer loyalty"
"589","Koepp - Jacobi","Persevering non-volatile conglomeration"
"590","Rempel, Heidenreich and Gerlach","Open-source local capability"
"591","Welch Inc","Centralized asynchronous core"
"592","Jacobi and Sons","Expanded intangible model"
"593","Yundt LLC","Visionary didactic extranet"
"594","Hickle LLC","Configurable methodical benchmark"
"595","Okuneva, Sanford and Gutmann","Visionary demand-driven support"
"596","Hickle LLC","Progressive object-oriented intranet"
"597","Collier - Dach","Persistent cohesive secured line"
"598","Shields, Parisian and Hirthe","Horizontal non-volatile superstructure"
"599","Labadie, Zulauf and Ratke","Managed zero defect circuit"
"600","Mills, Oberbrunner and Funk","Business-focused systematic middleware"
"601","Towne Group","Open-architected methodical budgetary management"
"602","Bechtelar, Senger and Runolfsson","Polarised impactful pricing structure"
"603","Howell - Kshlerin","Optimized empowering focus group"
"604","Fisher - Ebert","Compatible tangible database"
"605","Gulgowski Inc","Team-oriented bifurcated open system"
"606","Medhurst LLC","Pre-emptive client-driven open system"
"607","McDermott - Lindgren","Versatile uniform throughput"
"608","West - Swift","Mandatory explicit migration"
"609","Treutel, Kuphal and Goodwin","Reduced multi-state complexity"
"610","Howell - Heathcote","Cross-group asymmetric process improvement"
"611","Kuhlman, Wisozk and Littel","Balanced 5th generation utilisation"
"612","Kuphal Inc","Fully-configurable actuating moratorium"
"613","Waelchi, Pouros and Brown","Profit-focused fresh-thinking capacity"
"614","Roob, Langworth and Will","Profit-focused mission-critical paradigm"
"615","Klein, Hackett and Veum","User-friendly non-volatile open system"
"616","Feil Group","Enterprise-wide client-driven customer loyalty"
"617","Osinski Inc","Innovative incremental open system"
"618","Hyatt Inc","Public-key mission-critical function"
"619","Franecki - Thiel","Cross-group logistical monitoring"
"620","Goodwin LLC","Exclusive 4th generation help-desk"
"621","Wisoky and Sons","Enterprise-wide foreground knowledge base"
"622","Labadie, Johnston and Nicolas","Robust disintermediate initiative"
"623","Steuber and Sons","Right-sized bottom-line knowledge base"
"624","Wolff Group","Quality-focused executive contingency"
"625","Strosin and Sons","Balanced scalable service-desk"
"626","Stark, Abbott and Nienow","Business-focused solution-oriented monitoring"
"627","Denesik, Blick and Cummerata","Public-key analyzing paradigm"
"628","Torphy, Frami and Pollich","Horizontal user-facing portal"
"629","Gerlach Inc","Cross-group user-facing time-frame"
"630","Botsford - Hirthe","Horizontal needs-based analyzer"
"631","Connelly, Bogisich and Haag","Open-architected non-volatile functionalities"
"632","Sauer LLC","Cross-group dynamic infrastructure"
"633","Blanda Inc","Virtual solution-oriented emulation"
"634","Gusikowski, Wisoky and Lynch","Cloned hybrid algorithm"
"635","Haley - Pfannerstill","Adaptive clear-thinking approach"
"636","Rutherford - Vandervort","Re-contextualized local strategy"
"637","Boyer LLC","Inverse exuding contingency"
"638","Wintheiser LLC","Grass-roots transitional conglomeration"
"639","Koelpin, Oberbrunner and Kihn","Up-sized impactful interface"
"640","Fisher Group","Seamless empowering challenge"
"641","Sanford - Jacobson","De-engineered next generation encoding"
"642","Schimmel Inc","Front-line neutral hardware"
"643","Braun Group","Operative clear-thinking collaboration"
"644","Bernier and Sons","Ergonomic clear-thinking time-frame"
"645","Hirthe - Bartell","Organic eco-centric archive"
"646","Lubowitz - Upton","Total optimal knowledge base"
"647","Heathcote Group","Cross-group web-enabled conglomeration"
"648","Wolf and Sons","Balanced full-range application"
"649","Turcotte - Schamberger","Grass-roots multi-state process improvement"
"650","Toy, Batz and Stark","User-centric eco-centric policy"
"651","Pfeffer - Schneider","Devolved value-added conglomeration"
"652","Crooks - Howe","Focused mission-critical algorithm"
"653","Spinka, Kerluke and Okuneva","Future-proofed logistical local area network"
"654","Bauch, Grady and Frami","Enhanced 6th generation middleware"
"655","Effertz - Hodkiewicz","Expanded 4th generation open architecture"
"656","Reinger Group","Multi-tiered object-oriented throughput"
"657","Lemke - Sauer","Assimilated encompassing flexibility"
"658","Will - Nienow","Profit-focused actuating matrix"
"659","Casper LLC","Progressive tangible projection"
"660","O'Hara - Romaguera","Extended well-modulated project"
"661","Kulas and Sons","Implemented responsive definition"
"662","Hessel, Walter and Reynolds","Proactive bandwidth-monitored portal"
"663","Wunsch LLC","Implemented zero administration function"
"664","Maggio - Treutel","Right-sized background moratorium"
"665","Mertz, MacGyver and Schroeder","Networked human-resource throughput"
"666","Daugherty - Reichel","Organized user-facing function"
"667","Dooley LLC","Synergistic context-sensitive customer loyalty"
"668","Haley - Hodkiewicz","Multi-layered empowering paradigm"
"669","Littel - Nolan","Enhanced high-level standardization"
"670","Paucek - O'Hara","Enhanced client-driven system engine"
"671","Frami, Green and Goldner","Triple-buffered local ability"
"672","Hand - Paucek","Networked demand-driven circuit"
"673","Gerlach - O'Kon","Networked tangible circuit"
"674","Aufderhar - Conn","Decentralized mobile intranet"
"675","Rempel - Ward","Enterprise-wide coherent infrastructure"
"676","Kemmer - Klein","Business-focused executive open architecture"
"677","Auer Inc","Persistent intermediate service-desk"
"678","Rippin Inc","Reverse-engineered intangible encryption"
"679","Funk Group","Polarised systemic intranet"
"680","Bernhard - Rodriguez","Multi-tiered 3rd generation alliance"
"681","Tromp - Jaskolski","User-centric object-oriented conglomeration"
"682","Mraz - Monahan","Ameliorated local collaboration"
"683","Bernier - Hickle","Object-based scalable architecture"
"684","O'Connell and Sons","Ameliorated well-modulated hub"
"685","Ritchie Group","Synergistic explicit standardization"
"686","Mertz and Sons","Implemented zero defect website"
"687","Wilkinson, Paucek and Schoen","Universal fault-tolerant orchestration"
"688","Koelpin and Sons","Robust real-time orchestration"
"689","Hoeger - Berge","Triple-buffered leading edge time-frame"
"690","Lynch and Sons","Persevering hybrid paradigm"
"691","Swift, D'Amore and Wilkinson","Upgradable analyzing database"
"692","Anderson, Runolfsdottir and Casper","Quality-focused 3rd generation algorithm"
"693","Johns - Kemmer","Realigned bandwidth-monitored matrix"
"694","Dickinson, Purdy and Nienow","Focused high-level success"
"695","Kertzmann - Collier","Implemented grid-enabled matrices"
"696","Johnson - Johnson","Secured real-time paradigm"
"697","Kulas - Nicolas","Vision-oriented solution-oriented installation"
"698","Pacocha - MacGyver","Adaptive reciprocal benchmark"
"699","Ritchie LLC","Integrated local access"
"700","VonRueden, Hagenes and Breitenberg","Versatile fault-tolerant moderator"
"701","Wilkinson, Ortiz and Stark","Configurable explicit matrix"
"702","Crist, Metz and Bruen","Multi-tiered multimedia definition"
"703","Wilderman and Sons","User-centric bi-directional customer loyalty"
"704","Sporer, Buckridge and Bergnaum","Decentralized responsive project"
"705","Stark Group","Reactive content-based Graphic Interface"
"706","Heller - Koelpin","Ergonomic mission-critical adapter"
"707","Padberg, Windler and Brown","Devolved directional extranet"
"708","Skiles - Muller","Up-sized demand-driven attitude"
"709","Feil - Swift","Cloned heuristic intranet"
"710","Ondricka Inc","Multi-tiered responsive moratorium"
"711","Schultz Group","Open-source bifurcated task-force"
"712","Heller, Kemmer and Pagac","Quality-focused zero administration neural-net"
"713","Boyle - Collins","Switchable uniform synergy"
"714","Harber - Douglas","Progressive encompassing support"
"715","O'Conner - Jast","Networked regional toolset"
"716","King, Hodkiewicz and Kuhic","Fully-configurable national utilisation"
"717","Towne Inc","Versatile impactful framework"
"718","Blanda, Collins and Schaden","Reduced value-added conglomeration"
"719","Bailey LLC","Ameliorated tangible internet solution"
"720","Ziemann - Grant","Multi-layered client-server alliance"
"721","Hagenes - Wolff","Advanced composite complexity"
"722","Hermann - Prosacco","Realigned non-volatile monitoring"
"723","Runte - McGlynn","Monitored eco-centric implementation"
"724","Halvorson, Runte and Bosco","Right-sized fault-tolerant open architecture"
"725","Schmitt LLC","Programmable systemic emulation"
"726","Dickens - Beahan","Ameliorated context-sensitive challenge"
"727","Howell and Sons","Down-sized intermediate attitude"
"728","Anderson LLC","User-centric bandwidth-monitored access"
"729","Klocko Inc","Advanced client-server Graphic Interface"
"730","Schinner - Kris","Centralized heuristic local area network"
"731","Vandervort, Boyle and Daugherty","Synergistic full-range access"
"732","Nolan, Hirthe and Kohler","Synchronised discrete intranet"
"733","Botsford - Luettgen","Sharable optimizing ability"
"734","Senger, White and Windler","Organic encompassing archive"
"735","Grant, Macejkovic and Cremin","User-friendly coherent complexity"
"736","Becker - Huels","Stand-alone fresh-thinking emulation"
"737","Cassin, Kub and Okuneva","Up-sized asynchronous installation"
"738","Kassulke LLC","Compatible fresh-thinking algorithm"
"739","Lang - Satterfield","Integrated encompassing strategy"
"740","Feeney, Durgan and Abernathy","Multi-channelled scalable open system"
"741","Weissnat, Beahan and Sawayn","Proactive 24/7 productivity"
"742","Frami - Tillman","User-centric tertiary function"
"743","Kunze - Lind","Team-oriented systematic infrastructure"
"744","Lubowitz - Torp","Cross-group reciprocal frame"
"745","Kohler Inc","Networked motivating access"
"746","Maggio LLC","Synchronised logistical utilisation"
"747","Braun Inc","Adaptive mobile matrix"
"748","Reilly, Berge and Sanford","Reduced real-time service-desk"
"749","Cruickshank LLC","Decentralized multi-tasking knowledge base"
"750","Larson and Sons","Right-sized value-added emulation"
"751","Carter - Halvorson","Synergized needs-based capability"
"752","Hills LLC","Re-contextualized human-resource portal"
"753","Bauch, Stoltenberg and Goodwin","Public-key clear-thinking product"
"754","Feest - Haag","Upgradable analyzing attitude"
"755","Block - Krajcik","Managed user-facing software"
"756","Kilback, Gleason and McClure","Upgradable homogeneous conglomeration"
"757","Halvorson and Sons","Ergonomic directional product"
"758","Mohr, Becker and Emmerich","Optional attitude-oriented middleware"
"759","Carroll Inc","Streamlined maximized data-warehouse"
"760","Friesen LLC","Implemented non-volatile system engine"
"761","Swaniawski - Kuhn","Right-sized hybrid system engine"
"762","Wuckert - Kemmer","Object-based client-server synergy"
"763","Johnson - Keebler","Function-based discrete archive"
"764","Koch and Sons","Switchable value-added emulation"
"765","Von and Sons","Persevering responsive complexity"
"766","Kihn - Schowalter","Object-based neutral groupware"
"767","Armstrong, Ferry and Kuvalis","Managed zero administration hardware"
"768","Legros, Murray and McGlynn","Extended contextually-based monitoring"
"769","Pfannerstill - Dickens","Progressive zero administration neural-net"
"770","Kertzmann - Krajcik","Synergized real-time frame"
"771","Rau, Hickle and Christiansen","Organic tangible projection"
"772","Quitzon LLC","Intuitive bifurcated complexity"
"773","Kuhn Group","Synergistic attitude-oriented website"
"774","Gerhold - Jast","Horizontal intangible circuit"
"775","Crist - Bashirian","Digitized optimal functionalities"
"776","Braun Group","Future-proofed motivating workforce"
"777","Aufderhar - Okuneva","Realigned responsive support"
"778","Jerde, Goyette and Parker","Total global moderator"
"779","Gusikowski - Yundt","Secured exuding model"
"780","Gottlieb, Botsford and Schmidt","Configurable global methodology"
"781","Bartell, Gutkowski and Torphy","Persevering full-range budgetary management"
"782","Haag, Witting and Hintz","Reactive impactful Graphic Interface"
"783","O'Keefe, Volkman and Steuber","Profit-focused neutral complexity"
"784","Donnelly - Collins","Programmable homogeneous methodology"
"785","Okuneva, Kovacek and Tillman","Cross-group maximized framework"
"786","Daniel, Gislason and Lemke","Optional dynamic monitoring"
"787","Padberg, Wolf and Champlin","Robust solution-oriented encryption"
"788","Hauck Group","Integrated human-resource hierarchy"
"789","Kunze, Effertz and Dibbert","Centralized zero tolerance moratorium"
"790","Ratke, Sporer and Padberg","Face to face solution-oriented focus group"
"791","Blick - Collins","Horizontal cohesive emulation"
"792","Ritchie Group","Organized maximized database"
"793","Bruen Inc","Organized methodical firmware"
"794","Collier - Durgan","Organized scalable pricing structure"
"795","Koss, Braun and Greenfelder","Vision-oriented mission-critical alliance"
"796","Rau Group","Pre-emptive zero defect task-force"
"797","Skiles Inc","Multi-tiered national collaboration"
"798","Wuckert Inc","Implemented user-facing superstructure"
"799","Paucek - Kirlin","Phased interactive policy"
"800","Russel LLC","Innovative optimizing protocol"
"801","Metz - Reichert","Switchable 24 hour data-warehouse"
"802","Hamill Group","Fundamental background benchmark"
"803","Wunsch - Ankunding","Enhanced discrete moratorium"
"804","Nitzsche Group","Fully-configurable incremental forecast"
"805","Hintz, Rodriguez and Hoppe","Implemented well-modulated framework"
"806","Kerluke Inc","Customer-focused solution-oriented task-force"
"807","Kertzmann, Franecki and Howe","Cross-group mission-critical knowledge base"
"808","Homenick - Nienow","Persevering reciprocal ability"
"809","Pfannerstill, Hartmann and Mertz","Front-line modular knowledge base"
"810","Kerluke, Feest and Wilderman","Monitored directional matrix"
"811","Aufderhar, Senger and Adams","Future-proofed bifurcated implementation"
"812","Barton Group","Multi-layered homogeneous monitoring"
"813","Mills, Stehr and Raynor","Polarised bi-directional info-mediaries"
"814","Conroy Inc","Diverse local focus group"
"815","Ryan - Bailey","Reverse-engineered directional array"
"816","Will - Davis","Visionary exuding migration"
"817","Hansen, Pagac and Kling","Grass-roots grid-enabled approach"
"818","Kihn - Dickinson","Innovative static hierarchy"
"819","Braun - Stokes","Centralized high-level infrastructure"
"820","Runolfsdottir LLC","Virtual mobile emulation"
"821","Runte, Herman and Gutkowski","Open-architected holistic architecture"
"822","Homenick - Nikolaus","Cross-group high-level utilisation"
"823","Glover, Swift and Gibson","Distributed dynamic focus group"
"824","West - McKenzie","Multi-lateral asynchronous capability"
"825","Blick, Auer and Goyette","Public-key responsive ability"
"826","Purdy - Cronin","Universal composite function"
"827","McGlynn, Jaskolski and King","Expanded directional access"
"828","Marks, Mayer and Zemlak","Exclusive system-worthy encoding"
"829","Simonis LLC","Cross-group context-sensitive frame"
"830","Upton - Kuvalis","Total scalable process improvement"
"831","Armstrong, Roob and Leffler","Triple-buffered non-volatile installation"
"832","Stiedemann - Frami","Adaptive interactive help-desk"
"833","Koch, Pouros and Koch","Profound interactive definition"
"834","Wiegand - McKenzie","Quality-focused intangible task-force"
"835","Torp Inc","Enterprise-wide executive hierarchy"
"836","Pfannerstill LLC","Right-sized 3rd generation adapter"
"837","Schumm - Willms","Profound actuating interface"
"838","Ortiz and Sons","Universal motivating data-warehouse"
"839","Jacobi - Wiegand","Adaptive system-worthy emulation"
"840","Turcotte, Sporer and Hauck","Intuitive cohesive workforce"
"841","Hodkiewicz, Murray and Hegmann","User-friendly grid-enabled collaboration"
"842","Kuhic, Grant and Kihn","Innovative 24 hour core"
"843","Russel Inc","De-engineered value-added complexity"
"844","Trantow, Hermiston and Gutkowski","Progressive local service-desk"
"845","Kuhic - Hermann","Multi-tiered upward-trending installation"
"846","Runolfsson - Cole","Organic modular initiative"
"847","Bode and Sons","Grass-roots object-oriented infrastructure"
"848","Stanton, Olson and Rath","Virtual stable time-frame"
"849","Funk and Sons","User-friendly regional flexibility"
"850","Bahringer, Weissnat and Smith","Sharable demand-driven archive"
"851","Christiansen, Stracke and Lynch","Business-focused bottom-line strategy"
"852","Gaylord, Hermann and Volkman","Quality-focused bottom-line initiative"
"853","Murray - Will","Progressive discrete superstructure"
"854","Baumbach - Hahn","Enhanced bi-directional paradigm"
"855","Reynolds, Lemke and Armstrong","Optional high-level website"
"856","Bauch - Daugherty","Visionary tangible solution"
"857","Hahn, Frami and Becker","Re-contextualized systemic orchestration"
"858","Dietrich - Ebert","Self-enabling user-facing workforce"
"859","Johns - Rath","Multi-channelled tangible time-frame"
"860","Friesen - Hermann","Networked even-keeled focus group"
"861","Wolf - Howe","Cloned leading edge model"
"862","Kulas Group","Ameliorated high-level strategy"
"863","Koelpin LLC","Assimilated bandwidth-monitored model"
"864","Price, Price and Grimes","Quality-focused 3rd generation budgetary management"
"865","Medhurst - Fahey","Switchable well-modulated task-force"
"866","Zboncak Inc","Expanded bandwidth-monitored ability"
"867","Morar Group","Virtual bifurcated definition"
"868","Becker - Lindgren","Diverse motivating extranet"
"869","Kuhic, Wiza and Miller","Realigned methodical time-frame"
"870","Erdman, Murazik and Carter","Function-based uniform local area network"
"871","Lakin, Brakus and Willms","Programmable client-driven parallelism"
"872","Bergnaum, Powlowski and Strosin","Organized uniform toolset"
"873","Hettinger LLC","Secured asymmetric standardization"
"874","Hermiston Group","De-engineered content-based forecast"
"875","Gerlach Group","Visionary impactful interface"
"876","Kohler - Stoltenberg","Integrated maximized hardware"
"877","VonRueden and Sons","Self-enabling 6th generation approach"
"878","West, Wolff and Weimann","Reduced well-modulated synergy"
"879","Dooley, Howe and Ullrich","Operative 5th generation workforce"
"880","Zemlak Group","Proactive optimizing project"
"881","Spinka, Daugherty and Bradtke","Ameliorated fresh-thinking moderator"
"882","Strosin Inc","Pre-emptive stable hardware"
"883","White and Sons","Total optimizing neural-net"
"884","Kris, Luettgen and Pouros","Automated upward-trending local area network"
"885","Keeling Group","Integrated methodical internet solution"
"886","Larkin - Weber","Cross-platform global structure"
"887","Kuhlman - Trantow","Ameliorated coherent infrastructure"
"888","Block and Sons","Self-enabling analyzing artificial intelligence"
"889","Crooks - Crist","User-friendly multimedia framework"
"890","Kub, Mayert and Bayer","Polarised clear-thinking interface"
"891","Jaskolski Inc","Synchronised eco-centric alliance"
"892","Schultz, Mayert and Jenkins","Synergistic local algorithm"
"893","Mraz - Smitham","Multi-tiered 24/7 emulation"
"894","Price - Kris","Horizontal composite standardization"
"895","Abshire, Koepp and Kessler","Reverse-engineered multi-tasking protocol"
"896","O'Kon - Ankunding","Sharable exuding synergy"
"897","Pacocha - Dare","Customizable client-driven approach"
"898","Rath, Lynch and Haley","Proactive grid-enabled encryption"
"899","Wiza, Treutel and Prohaska","Synchronised eco-centric adapter"
"900","Cummings Group","Focused human-resource methodology"
"901","Heathcote LLC","Cloned multi-state secured line"
"902","Hoeger, Kshlerin and Legros","Programmable object-oriented database"
"903","Barton Inc","Enterprise-wide foreground core"
"904","Franecki - Kiehn","Seamless methodical neural-net"
"905","Grady LLC","Enhanced coherent throughput"
"906","Williamson Group","Secured regional interface"
"907","Wuckert LLC","Up-sized transitional encoding"
"908","Olson Group","Synergized exuding data-warehouse"
"909","Ondricka, Bruen and Zulauf","Profound exuding installation"
"910","Kunde, Bartell and Gutmann","Centralized multimedia customer loyalty"
"911","Muller, Orn and Parker","Configurable transitional productivity"
"912","Collins - O'Connell","Configurable human-resource archive"
"913","Tromp - Aufderhar","Enhanced dynamic model"
"914","Predovic Group","Expanded bandwidth-monitored secured line"
"915","Johnston - Ward","Ameliorated intermediate definition"
"916","Jakubowski - Macejkovic","Managed bandwidth-monitored methodology"
"917","Rohan, Renner and Monahan","Profit-focused solution-oriented knowledge user"
"918","Roberts LLC","Diverse upward-trending help-desk"
"919","Spencer and Sons","Ergonomic next generation framework"
"920","Jerde LLC","Customer-focused well-modulated algorithm"
"921","Hegmann, Rutherford and Glover","Profit-focused discrete info-mediaries"
"922","Stamm - Torp","Inverse bandwidth-monitored adapter"
"923","Konopelski, Homenick and Lesch","Integrated cohesive architecture"
"924","Ebert Inc","Customizable tertiary analyzer"
"925","Botsford LLC","Mandatory optimizing frame"
"926","Effertz, Nienow and Steuber","Digitized uniform intranet"
"927","Lebsack Group","Implemented system-worthy forecast"
"928","Metz - Boyer","Secured fault-tolerant strategy"
"929","Spencer - Bergstrom","Organized mission-critical definition"
"930","Krajcik and Sons","Profit-focused contextually-based pricing structure"
"931","Bernier - Herzog","Intuitive asymmetric hub"
"932","Smitham - Abernathy","Upgradable client-driven product"
"933","Hackett - Wyman","Diverse system-worthy pricing structure"
"934","Hand, Koelpin and Dibbert","Proactive demand-driven interface"
"935","Schaden Group","Organic bandwidth-monitored contingency"
"936","Haag, Murray and Haag","Assimilated intangible solution"
"937","Baumbach and Sons","Front-line multi-state installation"
"938","Cummings Inc","Fundamental clear-thinking data-warehouse"
"939","Yost Inc","Universal demand-driven Graphic Interface"
"940","Jast LLC","Profit-focused contextually-based flexibility"
"941","Christiansen Group","Compatible analyzing forecast"
"942","Stark Inc","Reverse-engineered grid-enabled groupware"
"943","Lebsack, Keebler and Stokes","Organized bi-directional encryption"
"944","Heaney LLC","Visionary dynamic task-force"
"945","Mosciski - Flatley","Enhanced needs-based website"
"946","Price - Osinski","Fully-configurable real-time service-desk"
"947","Stehr - Ullrich","Decentralized value-added policy"
"948","Jenkins - Hamill","Multi-channelled multi-state emulation"
"949","Collier, Strosin and Olson","Enterprise-wide bottom-line solution"
"950","Bailey Inc","Implemented zero tolerance methodology"
"951","Stracke - Rippin","Reduced tertiary contingency"
"952","Kulas, Batz and Balistreri","De-engineered disintermediate migration"
"953","Torp LLC","Reduced heuristic benchmark"
"954","Rodriguez - Ankunding","Cross-platform fault-tolerant approach"
"955","Nienow, Altenwerth and Dach","Distributed intangible moratorium"
"956","Deckow LLC","Innovative intermediate toolset"
"957","Fay - Schulist","Assimilated radical definition"
"958","Reichert - Kris","Enhanced systematic implementation"
"959","Lockman Inc","Fundamental 6th generation parallelism"
"960","Schuppe and Sons","Assimilated tertiary conglomeration"
"961","Schmidt, Schaefer and Farrell","Reactive systematic throughput"
"962","Bednar Inc","Switchable coherent encryption"
"963","Gulgowski - Johns","Versatile motivating solution"
"964","Bergnaum Inc","Diverse mobile capability"
"965","Halvorson - Dickens","Right-sized global architecture"
"966","Jast Group","Inverse contextually-based productivity"
"967","Ebert, Runolfsdottir and Hamill","Multi-lateral radical paradigm"
"968","Torp - Towne","Diverse leading edge knowledge base"
"969","Rodriguez, Dooley and Labadie","Re-contextualized holistic workforce"
"970","Bernier - Ferry","User-centric stable hierarchy"
"971","Graham, Gibson and Corwin","Customer-focused client-server system engine"
"972","White - Borer","Horizontal well-modulated groupware"
"973","Witting LLC","Self-enabling real-time instruction set"
"974","McGlynn Inc","Cross-platform 6th generation software"
"975","Mills, Dickens and Lemke","Enterprise-wide real-time implementation"
"976","Koelpin - Hauck","Enterprise-wide modular portal"
"977","Mertz - Reynolds","Cross-platform tangible synergy"
"978","Johnson Group","Face to face logistical pricing structure"
"979","Haag, Runte and Schroeder","Grass-roots transitional extranet"
"980","Hoppe - Fadel","Cross-group well-modulated approach"
"981","Koss, Wiza and Kozey","Assimilated bifurcated array"
"982","Sauer LLC","Intuitive multimedia support"
"983","Larkin, Bergstrom and Kiehn","Networked user-facing framework"
"984","Lindgren, Rodriguez and Stark","Public-key zero tolerance approach"
"985","Frami Inc","Open-source upward-trending capability"
"986","Homenick, Feil and Walsh","Realigned maximized Graphic Interface"
"987","Pacocha - Mann","Distributed user-facing neural-net"
"988","Reynolds LLC","Right-sized content-based hierarchy"
"989","Langworth - Pollich","Stand-alone methodical hierarchy"
"990","Hyatt Group","Automated executive internet solution"
"991","Hettinger, McCullough and Gutkowski","Re-contextualized foreground archive"
"992","Larson Inc","Pre-emptive bottom-line conglomeration"
"993","Blanda LLC","Innovative maximized strategy"
"994","Quigley, O'Connell and Corwin","Cloned impactful solution"
"995","Jacobson, Lakin and Schaefer","Vision-oriented directional synergy"
"996","Langosh LLC","Object-based zero tolerance analyzer"
"997","Huels, Doyle and Borer","Focused demand-driven paradigm"
"998","Jast - Moore","Grass-roots well-modulated pricing structure"
"999","Altenwerth - O'Conner","Upgradable multi-state pricing structure"
